{"IcoMoonType":"selection","icons":[{"icon":{"paths":["M431.157 1024c59.486 0 107.739-48.252 107.739-107.789h-215.478c0 59.538 48.252 107.789 107.739 107.789zM793.918 771.859c-32.536-34.967-93.421-87.563-93.421-259.859 0-130.863-91.756-235.621-215.478-261.322v-35.099c0-29.76-24.118-53.895-53.861-53.895s-53.861 24.135-53.861 53.895v35.099c-123.722 25.701-215.478 130.459-215.478 261.322 0 172.296-60.884 224.892-93.423 259.859-10.105 10.86-14.585 23.848-14.501 36.562 0.185 27.621 21.861 53.895 54.063 53.895h646.402c32.202 0 53.895-26.274 54.062-53.895 0.086-12.714-4.398-25.719-14.503-36.562z","M902.737 269.474c0 111.62-90.486 202.105-202.105 202.105s-202.105-90.486-202.105-202.105c0-111.62 90.486-202.105 202.105-202.105s202.105 90.486 202.105 202.105z"],"attrs":[{"fill":"rgb(197, 199, 205)"},{"fill":"rgb(55, 81, 255)","stroke":"rgb(247, 248, 252)","strokeLinejoin":"miter","strokeLinecap":"butt","strokeMiterlimit":"4","strokeWidth":80.84210526315789}],"width":970,"isMulticolor":true,"isMulticolor2":true,"grid":0,"tags":["new"],"colorPermutations":{"1971992051247248252155812551":[{"f":1},{"f":0,"s":2}]}},"attrs":[{"fill":"rgb(197, 199, 205)"},{"fill":"rgb(55, 81, 255)","stroke":"rgb(247, 248, 252)","strokeLinejoin":"miter","strokeLinecap":"butt","strokeMiterlimit":"4","strokeWidth":80.84210526315789}],"properties":{"order":26,"id":0,"name":"new-notification","prevSize":32,"code":59658,"codes":[59658,59659]},"setIdx":0,"setId":6,"iconIdx":0},{"icon":{"paths":["M512 512h8192"],"attrs":[{"fill":"none","stroke":"rgb(223, 224, 235)","strokeLinejoin":"miter","strokeLinecap":"round","strokeMiterlimit":"4","strokeWidth":1024}],"width":9216,"isMulticolor":false,"isMulticolor2":false,"grid":0,"tags":["horizontal"]},"attrs":[{"fill":"none","stroke":"rgb(223, 224, 235)","strokeLinejoin":"miter","strokeLinecap":"round","strokeMiterlimit":"4","strokeWidth":1024}],"properties":{"order":25,"id":0,"name":"horizontal","prevSize":32,"code":59660},"setIdx":1,"setId":5,"iconIdx":0},{"icon":{"paths":["M341.333 0h341.333c188.513 0 341.333 152.82 341.333 341.333v341.333c0 188.513-152.82 341.333-341.333 341.333h-341.333c-188.513 0-341.333-152.82-341.333-341.333v-341.333c0-188.513 152.82-341.333 341.333-341.333z","M512 298.667v426.667","M725.333 512h-426.667"],"attrs":[{"fill":"rgb(240, 241, 247)"},{"fill":"none","stroke":"rgb(159, 162, 180)","strokeLinejoin":"miter","strokeLinecap":"round","strokeMiterlimit":"4","strokeWidth":85.33333333333333},{"fill":"none","stroke":"rgb(159, 162, 180)","strokeLinejoin":"miter","strokeLinecap":"round","strokeMiterlimit":"4","strokeWidth":85.33333333333333}],"isMulticolor":false,"isMulticolor2":true,"grid":0,"tags":["inactive"],"colorPermutations":{"159162180119719920512402412471":[{"f":2},{"s":0},{"s":0}]}},"attrs":[{"fill":"rgb(240, 241, 247)"},{"fill":"none","stroke":"rgb(159, 162, 180)","strokeLinejoin":"miter","strokeLinecap":"round","strokeMiterlimit":"4","strokeWidth":85.33333333333333},{"fill":"none","stroke":"rgb(159, 162, 180)","strokeLinejoin":"miter","strokeLinecap":"round","strokeMiterlimit":"4","strokeWidth":85.33333333333333}],"properties":{"order":28,"id":3,"name":"add","prevSize":32,"code":59661},"setIdx":2,"setId":4,"iconIdx":0},{"icon":{"paths":["M640 768l-252.983-252.983c-1.666-1.664-1.666-4.369 0-6.033l252.983-252.983"],"attrs":[{"fill":"none","stroke":"rgb(159, 162, 180)","strokeLinejoin":"miter","strokeLinecap":"round","strokeMiterlimit":"4","strokeWidth":85.33333333333333}],"isMulticolor":false,"isMulticolor2":false,"grid":0,"tags":["arrow - left"],"colorPermutations":{"159162180119719920512402412471":[{"s":0}]}},"attrs":[{"fill":"none","stroke":"rgb(159, 162, 180)","strokeLinejoin":"miter","strokeLinecap":"round","strokeMiterlimit":"4","strokeWidth":85.33333333333333}],"properties":{"order":24,"id":2,"name":"arrow---left","prevSize":32,"code":59662},"setIdx":2,"setId":4,"iconIdx":1},{"icon":{"paths":["M512 341.333c46.933 0 85.333-38.4 85.333-85.333s-38.4-85.333-85.333-85.333c-46.933 0-85.333 38.4-85.333 85.333s38.4 85.333 85.333 85.333zM512 426.667c-46.933 0-85.333 38.4-85.333 85.333s38.4 85.333 85.333 85.333c46.933 0 85.333-38.4 85.333-85.333s-38.4-85.333-85.333-85.333zM512 682.667c-46.933 0-85.333 38.4-85.333 85.333s38.4 85.333 85.333 85.333c46.933 0 85.333-38.4 85.333-85.333s-38.4-85.333-85.333-85.333z"],"attrs":[{"fill":"rgb(197, 199, 205)"}],"isMulticolor":false,"isMulticolor2":false,"grid":0,"tags":["more - vertical"],"colorPermutations":{"159162180119719920512402412471":[{"f":1}]}},"attrs":[{"fill":"rgb(197, 199, 205)"}],"properties":{"order":23,"id":1,"name":"more---vertical","prevSize":32,"code":59663},"setIdx":2,"setId":4,"iconIdx":2},{"icon":{"paths":["M384 768l252.983-252.983c1.664-1.664 1.664-4.369 0-6.033l-252.983-252.983"],"attrs":[{"fill":"none","stroke":"rgb(159, 162, 180)","strokeLinejoin":"miter","strokeLinecap":"round","strokeMiterlimit":"4","strokeWidth":85.33333333333333}],"isMulticolor":false,"isMulticolor2":false,"grid":0,"tags":["arrow - right"],"colorPermutations":{"159162180119719920512402412471":[{"s":0}]}},"attrs":[{"fill":"none","stroke":"rgb(159, 162, 180)","strokeLinejoin":"miter","strokeLinecap":"round","strokeMiterlimit":"4","strokeWidth":85.33333333333333}],"properties":{"order":22,"id":0,"name":"arrow---right","prevSize":32,"code":59664},"setIdx":2,"setId":4,"iconIdx":3},{"icon":{"paths":["M972.8 512c0 254.493-206.307 460.8-460.8 460.8s-460.8-206.307-460.8-460.8c0-254.493 206.307-460.8 460.8-460.8s460.8 206.307 460.8 460.8z"],"attrs":[{"fill":"none","stroke":"rgb(197, 199, 205)","strokeLinejoin":"miter","strokeLinecap":"butt","strokeMiterlimit":"4","strokeWidth":102.4}],"isMulticolor":false,"isMulticolor2":false,"grid":0,"tags":["inactive"],"colorPermutations":{"1971992051255255255155812551":[{"s":1}]}},"attrs":[{"fill":"none","stroke":"rgb(197, 199, 205)","strokeLinejoin":"miter","strokeLinecap":"butt","strokeMiterlimit":"4","strokeWidth":102.4}],"properties":{"order":21,"id":1,"name":"inactive","prevSize":32,"code":59665},"setIdx":3,"setId":3,"iconIdx":0},{"icon":{"paths":["M1024 512c0 282.77-229.23 512-512 512s-512-229.23-512-512c0-282.77 229.23-512 512-512s512 229.23 512 512z","M256 563.2l149.98 149.98c1.999 1.997 5.241 1.997 7.241 0l354.78-354.78"],"attrs":[{"fill":"rgb(55, 81, 255)"},{"fill":"none","stroke":"rgb(255, 255, 255)","strokeLinejoin":"miter","strokeLinecap":"round","strokeMiterlimit":"4","strokeWidth":87.04}],"isMulticolor":false,"isMulticolor2":true,"grid":0,"tags":["active"],"colorPermutations":{"1971992051255255255155812551":[{"f":0},{"s":2}]}},"attrs":[{"fill":"rgb(55, 81, 255)"},{"fill":"none","stroke":"rgb(255, 255, 255)","strokeLinejoin":"miter","strokeLinecap":"round","strokeMiterlimit":"4","strokeWidth":87.04}],"properties":{"order":20,"id":0,"name":"active","prevSize":32,"code":59666},"setIdx":3,"setId":3,"iconIdx":1},{"icon":{"paths":["M72.228 273.177l139.972-137.146c10.934-10.709 28.67-10.706 39.597 0l139.967 137.146c17.622 17.263 5.073 46.824-19.8 46.824h-83.965v548.569c0 15.149-12.535 27.43-28 27.43h-56c-15.465 0-28-12.282-28-27.43v-548.569h-83.972c-24.922 0-37.386-29.596-19.8-46.824zM484 237.715h448c15.462 0 28-12.28 28-27.428v-54.858c0-15.149-12.538-27.428-28-27.428h-448c-15.465 0-28 12.28-28 27.428v54.858c0 15.149 12.535 27.428 28 27.428zM456 429.715v-54.857c0-15.149 12.535-27.428 28-27.428h336c15.462 0 28 12.28 28 27.428v54.857c0 15.149-12.538 27.429-28 27.429h-336c-15.465 0-28-12.28-28-27.429zM456 868.57v-54.854c0-15.149 12.535-27.43 28-27.43h112c15.465 0 28 12.282 28 27.43v54.854c0 15.149-12.535 27.43-28 27.43h-112c-15.465 0-28-12.282-28-27.43zM456 649.146v-54.86c0-15.149 12.535-27.428 28-27.428h224c15.462 0 28 12.279 28 27.428v54.86c0 15.149-12.538 27.424-28 27.424h-224c-15.465 0-28-12.275-28-27.424z"],"attrs":[{"fill":"rgb(197, 199, 205)"}],"isMulticolor":false,"isMulticolor2":false,"grid":0,"tags":["sort"],"colorPermutations":{"159162180119719920512212262551":[{"f":1}]}},"attrs":[{"fill":"rgb(197, 199, 205)"}],"properties":{"order":29,"id":15,"name":"sort","prevSize":32,"code":59667},"setIdx":4,"setId":2,"iconIdx":0},{"icon":{"paths":["M859.962 128h-695.92c-31.977 0-48.112 38.799-25.455 61.457l277.413 277.455v309.089c0 11.744 5.731 22.752 15.356 29.491l120 83.974c23.674 16.57 56.644-0.224 56.644-29.498v-393.057l277.421-277.455c22.611-22.612 6.586-61.457-25.459-61.457z"],"attrs":[{"fill":"rgb(197, 199, 205)"}],"isMulticolor":false,"isMulticolor2":false,"grid":0,"tags":["filter"],"colorPermutations":{"159162180119719920512212262551":[{"f":1}]}},"attrs":[{"fill":"rgb(197, 199, 205)"}],"properties":{"order":27,"id":14,"name":"filter","prevSize":32,"code":59668},"setIdx":4,"setId":2,"iconIdx":1},{"icon":{"paths":["M784 416c0 203.241-164.759 368-368 368s-368-164.759-368-368c0-203.241 164.759-368 368-368s368 164.759 368 368z","M704 704l256 256"],"attrs":[{"fill":"none","stroke":"rgb(197, 199, 205)","strokeLinejoin":"miter","strokeLinecap":"butt","strokeMiterlimit":"4","strokeWidth":96},{"fill":"none","stroke":"rgb(197, 199, 205)","strokeLinejoin":"miter","strokeLinecap":"round","strokeMiterlimit":"4","strokeWidth":96}],"isMulticolor":false,"isMulticolor2":false,"grid":0,"tags":["search"],"colorPermutations":{"159162180119719920512212262551":[{"s":1},{"s":1}]}},"attrs":[{"fill":"none","stroke":"rgb(197, 199, 205)","strokeLinejoin":"miter","strokeLinecap":"butt","strokeMiterlimit":"4","strokeWidth":96},{"fill":"none","stroke":"rgb(197, 199, 205)","strokeLinejoin":"miter","strokeLinecap":"round","strokeMiterlimit":"4","strokeWidth":96}],"properties":{"order":18,"id":13,"name":"search","prevSize":32,"code":59669},"setIdx":4,"setId":2,"iconIdx":2},{"icon":{"paths":["M511.999 1024c70.64 0 127.94-57.299 127.94-128h-255.88c0 70.701 57.3 128 127.94 128zM942.778 724.582c-38.637-41.523-110.938-103.982-110.938-308.582 0-155.4-108.96-279.8-255.88-310.32v-41.68c0-35.34-28.64-64-63.96-64s-63.96 28.66-63.96 64v41.68c-146.92 30.52-255.88 154.92-255.88 310.32 0 204.6-72.3 267.059-110.94 308.582-12 12.896-17.32 28.32-17.22 43.418 0.22 32.8 25.96 64 64.2 64h767.602c38.24 0 64-31.2 64.198-64 0.102-15.098-5.222-30.541-17.222-43.418v0z"],"attrs":[{"fill":"rgb(197, 199, 205)"}],"isMulticolor":false,"isMulticolor2":false,"grid":0,"tags":["notification"],"colorPermutations":{"159162180119719920512212262551":[{"f":1}]}},"attrs":[{"fill":"rgb(197, 199, 205)"}],"properties":{"order":19,"id":12,"name":"notification","prevSize":32,"code":59670},"setIdx":4,"setId":2,"iconIdx":3},{"icon":{"paths":["M993.485 572.234h-446.661l297.471 297.468c11.366 11.366 30.080 12.294 41.766 1.28 72.845-68.634 122.957-161.146 137.658-265.148 2.522-17.807-12.256-33.6-30.234-33.6zM963.686 450.258c-15.507-224.865-195.2-404.554-420.063-420.065-17.167-1.186-31.624 13.289-31.624 30.494v421.194h421.216c17.203 0 31.661-14.456 30.47-31.624zM421.647 572.234v-446.662c0-17.976-15.793-32.753-33.581-30.23-224.32 31.699-395.783 227.67-387.802 462.531 8.207 241.206 215.887 438.998 457.204 435.971 94.871-1.184 182.532-31.757 254.609-82.88 14.867-10.541 15.846-32.435 2.957-45.325l-293.386-293.404z"],"attrs":[{"fill":"rgb(221, 226, 255)"}],"isMulticolor":false,"isMulticolor2":false,"grid":0,"tags":["overview"],"colorPermutations":{"159162180119719920512212262551":[{"f":2}]}},"attrs":[{"fill":"rgb(221, 226, 255)"}],"properties":{"order":16,"id":11,"name":"overview","prevSize":32,"code":59648},"setIdx":4,"setId":2,"iconIdx":4},{"icon":{"paths":["M227.556 341.334h568.886v341.335h-568.886v-341.335zM938.669 512c0 47.129 38.202 85.334 85.331 85.334v170.666c0 47.13-38.202 85.331-85.331 85.331h-853.336c-47.129 0-85.333-38.202-85.333-85.331v-170.666c47.129 0 85.333-38.205 85.333-85.334s-38.204-85.333-85.333-85.333v-170.666c0-47.129 38.204-85.334 85.333-85.334h853.336c47.13 0 85.331 38.205 85.331 85.334v170.666c-47.13 0-85.331 38.205-85.331 85.333zM853.331 327.112c0-23.565-19.098-42.667-42.662-42.667h-597.336c-23.564 0-42.666 19.102-42.666 42.667v369.778c0 23.565 19.102 42.669 42.666 42.669h597.336c23.565 0 42.662-19.104 42.662-42.669v-369.778z"],"attrs":[{"fill":"rgb(159, 162, 180)","opacity":0.4}],"isMulticolor":false,"isMulticolor2":false,"grid":0,"tags":["tickets"],"colorPermutations":{"159162180119719920512212262551":[{"f":0}]}},"attrs":[{"fill":"rgb(159, 162, 180)","opacity":0.4}],"properties":{"order":15,"id":10,"name":"tickets","prevSize":32,"code":59649},"setIdx":4,"setId":2,"iconIdx":5},{"icon":{"paths":["M352.12 908.698c0.020 12.582 3.74 24.902 10.72 35.379l34.18 51.386c5.839 8.781 13.758 15.987 23.054 20.966 9.295 4.986 19.679 7.59 30.226 7.59h123.42c10.547 0 20.93-2.605 30.225-7.59 9.296-4.979 17.215-12.186 23.055-20.966l34.177-51.386c6.982-10.477 10.707-22.784 10.72-35.379l0.083-76.698h-319.961l0.1 76.698zM160 352c0 88.74 32.9 169.7 87.12 231.56 33.040 37.7 84.72 116.46 104.42 182.898 0.080 0.525 0.14 1.043 0.22 1.562h320.477c0.083-0.518 0.141-1.018 0.224-1.562 19.699-66.438 71.379-145.198 104.422-182.898 54.214-61.86 87.117-142.82 87.117-231.56 0-194.78-158.182-352.6-353.1-352-204.020 0.62-350.9 165.94-350.9 352zM512 192c-88.22 0-160 71.78-160 160 0 17.68-14.32 32-32 32s-32-14.32-32-32c0-123.52 100.48-224 224-224 17.68 0 32 14.32 32 32s-14.32 32-32 32z"],"attrs":[{"fill":"rgb(159, 162, 180)","opacity":0.4}],"isMulticolor":false,"isMulticolor2":false,"grid":0,"tags":["ideas"],"colorPermutations":{"159162180119719920512212262551":[{"f":0}]}},"attrs":[{"fill":"rgb(159, 162, 180)","opacity":0.4}],"properties":{"order":17,"id":9,"name":"ideas","prevSize":32,"code":59650},"setIdx":4,"setId":2,"iconIdx":6},{"icon":{"paths":["M153.6 460.8c56.48 0 102.4-45.92 102.4-102.4s-45.92-102.4-102.4-102.4c-56.48 0-102.4 45.92-102.4 102.4s45.92 102.4 102.4 102.4zM870.4 460.8c56.48 0 102.4-45.92 102.4-102.4s-45.92-102.4-102.4-102.4c-56.48 0-102.4 45.92-102.4 102.4s45.92 102.4 102.4 102.4zM921.6 512h-102.4c-28.16 0-53.6 11.36-72.16 29.76 64.48 35.36 110.24 99.2 120.16 175.040h105.6c28.32 0 51.2-22.88 51.2-51.2v-51.2c0-56.48-45.92-102.4-102.4-102.4zM512 512c99.040 0 179.2-80.16 179.2-179.2s-80.16-179.2-179.2-179.2c-99.040 0-179.2 80.16-179.2 179.2s80.16 179.2 179.2 179.2zM634.88 563.2h-13.28c-33.28 16-70.24 25.6-109.6 25.6s-76.16-9.6-109.6-25.6h-13.28c-101.76 0-184.32 82.56-184.32 184.32v46.080c0 42.4 34.4 76.8 76.8 76.8h460.8c42.4 0 76.8-34.4 76.8-76.8v-46.080c0-101.76-82.56-184.32-184.32-184.32zM276.96 541.76c-18.56-18.4-44-29.76-72.16-29.76h-102.4c-56.48 0-102.4 45.92-102.4 102.4v51.2c0 28.32 22.88 51.2 51.2 51.2h105.44c10.080-75.84 55.84-139.68 120.32-175.040z"],"attrs":[{"fill":"rgb(159, 162, 180)","opacity":0.4}],"isMulticolor":false,"isMulticolor2":false,"grid":0,"tags":["contacts"],"colorPermutations":{"159162180119719920512212262551":[{"f":0}]}},"attrs":[{"fill":"rgb(159, 162, 180)","opacity":0.4}],"properties":{"order":7,"id":8,"name":"contacts","prevSize":32,"code":59651},"setIdx":4,"setId":2,"iconIdx":7},{"icon":{"paths":["M512 512c141.402 0 256-114.6 256-256s-114.598-256-256-256c-141.4 0-256 114.6-256 256s114.6 256 256 256zM703.597 577.2l-95.597 382.8-64-272 64-112h-192l64 112-64 272-95.6-382.8c-142.6 6.8-256.4 123.402-256.4 267.6v83.2c0 52.998 43 96 96 96h704c52.998 0 96-43.002 96-96v-83.2c0-144.198-113.798-260.8-256.403-267.6z"],"attrs":[{"fill":"rgb(159, 162, 180)","opacity":0.4}],"isMulticolor":false,"isMulticolor2":false,"grid":0,"tags":["agents"],"colorPermutations":{"159162180119719920512212262551":[{"f":0}]}},"attrs":[{"fill":"rgb(159, 162, 180)","opacity":0.4}],"properties":{"order":8,"id":7,"name":"agents","prevSize":32,"code":59652},"setIdx":4,"setId":2,"iconIdx":8},{"icon":{"paths":["M960 720v-672c0-26.6-21.402-48-48-48h-656c-106 0-192 86-192 192v640c0 105.997 86 192 192 192h656c26.598 0 48-21.402 48-48v-32c0-15.002-7.002-28.602-17.798-37.402-8.403-30.797-8.403-118.598 0-149.395 10.797-8.602 17.798-22.202 17.798-37.203zM320 268c0-6.6 5.4-12 12-12h424c6.598 0 12 5.4 12 12v40c0 6.6-5.402 12-12 12h-424c-6.6 0-12-5.4-12-12v-40zM320 396c0-6.6 5.4-12 12-12h424c6.598 0 12 5.4 12 12v40c0 6.6-5.402 12-12 12h-424c-6.6 0-12-5.4-12-12v-40zM826.797 896h-570.797c-35.4 0-64-28.602-64-64 0-35.2 28.8-64 64-64h570.797c-3.795 34.202-3.795 93.798 0 128z"],"attrs":[{"fill":"rgb(159, 162, 180)","opacity":0.4}],"isMulticolor":false,"isMulticolor2":false,"grid":0,"tags":["articles"],"colorPermutations":{"159162180119719920512212262551":[{"f":0}]}},"attrs":[{"fill":"rgb(159, 162, 180)","opacity":0.4}],"properties":{"order":9,"id":6,"name":"articles","prevSize":32,"code":59653},"setIdx":4,"setId":2,"iconIdx":9},{"icon":{"paths":["M974.803 631.396l-85.203-49.2c8.602-46.4 8.602-94 0-140.4l85.203-49.2c9.798-5.6 14.195-17.2 10.995-28-22.195-71.2-60-135.6-109.395-189.2-7.603-8.2-20-10.2-29.6-4.6l-85.203 49.2c-35.802-30.8-76.998-54.6-121.6-70.2v-98.2c0-11.2-7.799-21-18.799-23.4-73.4-16.4-148.6-15.6-218.4 0-11 2.4-18.8 12.2-18.8 23.4v98.4c-44.4 15.8-85.6 39.6-121.6 70.2l-85-49.2c-9.8-5.6-22-3.8-29.6 4.6-49.4 53.4-87.2 117.8-109.4 189.2-3.4 10.8 1.2 22.4 11 28l85.2 49.2c-8.6 46.4-8.6 94 0 140.4l-85.2 49.2c-9.8 5.6-14.2 17.197-11 28.001 22.2 71.2 60 135.597 109.4 189.197 7.6 8.205 20 10.202 29.6 4.602l85.2-49.197c35.8 30.797 77 54.598 121.6 70.195v98.4c0 11.2 7.8 21.005 18.8 23.405 73.4 16.397 148.6 15.597 218.4 0 11-2.4 18.797-12.205 18.797-23.405v-98.4c44.403-15.795 85.6-39.597 121.6-70.195l85.203 49.197c9.798 5.6 21.997 3.802 29.6-4.602 49.402-53.395 87.2-117.798 109.402-189.197 2.995-11.002-1.402-22.6-11.2-28.2zM512.001 671.994c-88.2 0-160-71.797-160-159.997s71.8-160 160-160c88.2 0 159.999 71.8 159.999 160s-71.799 159.997-159.999 159.997z"],"attrs":[{"fill":"rgb(159, 162, 180)","opacity":0.4}],"isMulticolor":false,"isMulticolor2":false,"grid":0,"tags":["a_1. settings"],"colorPermutations":{"159162180119719920512212262551":[{"f":0}]}},"attrs":[{"fill":"rgb(159, 162, 180)","opacity":0.4}],"properties":{"order":10,"id":5,"name":"settings","prevSize":32,"code":59654},"setIdx":4,"setId":2,"iconIdx":10},{"icon":{"paths":["M322.24 725.261c-17.38-17.382-8.32-12.48-50.24-23.699-19.020-5.101-35.74-14.899-50.86-26.643l-90.74 222.483c-8.78 21.536 7.62 44.941 30.86 44.058l105.38-4.019 72.48 76.557c16 16.883 44.080 11.622 52.86-9.92l104.1-255.238c-21.68 12.083-45.74 19.162-70.62 19.162-39 0-75.64-15.181-103.22-42.739zM893.6 897.402l-90.739-222.483c-15.123 11.763-31.84 21.542-50.861 26.643-42.138 11.277-32.902 6.355-50.24 23.699-27.578 27.558-64.24 42.739-103.24 42.739-24.88 0-48.94-7.098-70.62-19.162l104.1 255.238c8.781 21.542 36.883 26.803 52.858 9.92l72.506-76.557 105.376 4.019c23.238 0.883 39.642-22.541 30.861-44.058zM654.003 680c30.56-31.098 34.054-28.422 77.574-40.28 27.782-7.58 49.504-29.68 56.941-57.96 14.963-56.8 11.085-49.94 51.904-91.5 20.339-20.7 28.275-50.881 20.838-79.16-14.938-56.76-14.963-48.84 0-105.66 7.437-28.28-0.499-58.46-20.838-79.16-40.819-41.56-36.941-34.72-51.904-91.5-7.437-28.28-29.158-50.38-56.941-57.96-55.757-15.22-49.037-11.24-89.894-52.82-20.343-20.7-50.003-28.8-77.783-21.22-55.74 15.2-47.96 15.22-103.8 0-27.78-7.58-57.44 0.5-77.78 21.22-40.82 41.56-34.1 37.6-89.88 52.82-27.78 7.58-49.5 29.68-56.94 57.96-14.94 56.78-11.080 49.94-51.9 91.5-20.34 20.7-28.3 50.88-20.84 79.16 14.94 56.72 14.96 48.8 0 105.64-7.44 28.28 0.5 58.46 20.84 79.18 40.82 41.56 36.94 34.7 51.9 91.5 7.44 28.28 29.16 50.38 56.94 57.96 44.76 12.197 48.1 10.277 77.56 40.28 26.46 26.938 67.68 31.757 99.48 11.642 12.716-8.077 27.468-12.365 42.53-12.365s29.814 4.288 42.53 12.365c31.78 20.115 73 15.296 99.463-11.642zM323.32 351.919c0-106.060 84.48-192.040 188.68-192.040s188.678 85.98 188.678 192.040c0 106.060-84.478 192.040-188.678 192.040s-188.68-85.98-188.68-192.040z"],"attrs":[{"fill":"rgb(159, 162, 180)","opacity":0.4}],"isMulticolor":false,"isMulticolor2":false,"grid":0,"tags":["a_2. subscription"],"colorPermutations":{"159162180119719920512212262551":[{"f":0}]}},"attrs":[{"fill":"rgb(159, 162, 180)","opacity":0.4}],"properties":{"order":11,"id":4,"name":"subscription","prevSize":32,"code":59655},"setIdx":4,"setId":2,"iconIdx":11},{"icon":{"paths":["M112 155l-27 27 117.2 117.2-13.6 10.8c-49.8 40.6-97 100.8-128.6 164.6-8.8 17.6-16 34.4-16 37.2 0 8 29.4 66 46 91.2 51.6 77.8 118.6 136.8 201 177.2 72.8 35.6 136.6 50.2 219 50.6 62.8 0.2 104-6.2 160-24.8l29-9.6 71.6 71.2 71.4 71.4 54-54-757-757-27 27zM355.2 452.2l32.2 32.2-1.6 8.2c-4.6 24 0 52.2 12.6 77.4 24.2 48.4 82.2 78 133 68.2l8.2-1.6 32.2 32.2c17.8 17.8 32.2 32.8 32.2 33.6 0 0.6-6.6 4-14.4 7.2-41.6 17.4-87 20.2-132.6 8.4-20.4-5.2-56.2-22.8-73-35.6-76.8-58.4-105.6-161-69.6-248 3.2-7.8 6.6-14.4 7.2-14.4 0.8 0 15.8 14.4 33.6 32.2z","M475 193.2c-24.6 2.6-44.4 5.4-63 9-21.4 4.2-65.8 17-68.4 19.4-0.8 0.8 19 22 44 47l45.6 45.4 11.6-4c52.8-18 109-14.2 160.2 10.8 25.8 12.8 42.8 25 62 45.4 32.6 34.6 51.8 76.8 57.2 126.4 3.2 28.2-2.2 67.4-13 95.4-0.8 2 18.4 22.6 60.6 64.8l62 61.8 6.6-5c11.6-8.8 47.4-46 62.6-64.6 8-10 21.6-28.4 30-41 19.6-29.6 46-82.2 45.8-92 0-4.4-4.4-16.2-12-32-74.4-154-216.2-258.2-385.8-283.2-19.4-2.8-90-5.2-106-3.6z","M572 450.8l67 67.2 0.6-9.4c0.4-5-0.8-16-2.6-24-8.2-37-34-70-67-86-19.2-9.2-29.2-12-50.2-13.8l-14.8-1.2 67 67.2z"],"attrs":[{"fill":"rgb(159, 162, 180)"},{"fill":"rgb(159, 162, 180)"},{"fill":"rgb(159, 162, 180)"}],"isMulticolor":false,"isMulticolor2":false,"grid":0,"tags":["invisible"],"colorPermutations":{"159162180119719920512212262551":[{"f":0},{"f":0},{"f":0}]}},"attrs":[{"fill":"rgb(159, 162, 180)"},{"fill":"rgb(159, 162, 180)"},{"fill":"rgb(159, 162, 180)"}],"properties":{"order":3,"id":3,"name":"invisible","prevSize":32,"code":59656},"setIdx":4,"setId":2,"iconIdx":12},{"icon":{"paths":["M478 193.2c-83.8 9.8-147.4 31.6-221.6 75.6-77.2 45.8-158 120.8-199.2 184.8-26.4 40.8-30 59.2-16.8 87 16 33.2 40.4 66 79.6 106.2 86.2 88.4 193.2 151.2 296.4 174 39.8 8.8 53 10 96.6 10 47.2 0 72.8-3.4 118-15.8 87.4-24 181-79.2 255.6-151 45.8-44 79.4-86.8 96.8-123 10.6-22.4 10.6-35.6 0-58-17-35.4-50.6-78.4-94.6-121-90.2-87-199-145.2-307-164-23.8-4-85.6-7-103.8-4.8zM547 291c93.4 15 165.2 84.8 185.4 180 3.2 15.4 3.2 66.6 0 82-19.6 92.2-87.2 159.8-179.4 179.4-15.4 3.2-66.6 3.2-82 0-69.6-14.8-125.2-56.2-156.6-116-34.6-66.2-35-139.4-1.4-206.4 42.8-85.4 139.2-134.4 234-119z","M485 354.2c-44.2 8.6-81 32.6-105 68-19.4 28.2-26.8 53.6-26.8 89.8-0.2 45 15 82 45.8 113 30.8 30.8 68 46 113 46s82.2-15.2 113-46c30.8-30.8 46-68 46-113 0-34.8-7.2-59.4-25-86.6-22.4-34.6-54.2-57.4-96-68.8-13.6-3.6-51.6-5-65-2.4z"],"attrs":[{"fill":"rgb(159, 162, 180)"},{"fill":"rgb(159, 162, 180)"}],"isMulticolor":false,"isMulticolor2":false,"grid":0,"tags":["view"],"colorPermutations":{"159162180119719920512212262551":[{"f":0},{"f":0}]}},"attrs":[{"fill":"rgb(159, 162, 180)"},{"fill":"rgb(159, 162, 180)"}],"properties":{"order":12,"id":2,"name":"view","prevSize":32,"code":59657},"setIdx":4,"setId":2,"iconIdx":13}],"height":1024,"metadata":{"name":"icomoon"},"preferences":{"showGlyphs":true,"showQuickUse":true,"showQuickUse2":true,"showSVGs":true,"fontPref":{"prefix":"icon-","metadata":{"fontFamily":"icomoon"},"metrics":{"emSize":1024,"baseline":6.25,"whitespace":50},"embed":false},"imagePref":{"prefix":"icon-","png":true,"useClassSelector":true,"color":0,"bgColor":16777215,"classSelector":".icon"},"historySize":50,"showCodes":true,"gridSize":16}}